ds,holiday
2021-01-01,holiday
2021-01-02,non-holiday
2021-01-03,non-holiday
2021-01-04,non-holiday
2021-01-05,non-holiday
2021-01-06,non-holiday
2021-01-07,non-holiday
2021-01-08,non-holiday
2021-01-09,non-holiday
2021-01-10,non-holiday
2021-01-11,non-holiday
2021-01-12,non-holiday
2021-01-13,non-holiday
2021-01-14,non-holiday
2021-01-15,non-holiday
2021-01-16,non-holiday
2021-01-17,non-holiday
2021-01-18,non-holiday
2021-01-19,non-holiday
2021-01-20,non-holiday
2021-01-21,non-holiday
2021-01-22,non-holiday
2021-01-23,non-holiday
2021-01-24,non-holiday
2021-01-25,non-holiday
2021-01-26,non-holiday
2021-01-27,non-holiday
2021-01-28,non-holiday
2021-01-29,non-holiday
2021-01-30,non-holiday
2021-01-31,non-holiday
2021-02-01,non-holiday
2021-02-02,non-holiday
2021-02-03,non-holiday
2021-02-04,non-holiday
2021-02-05,non-holiday
2021-02-06,non-holiday
2021-02-07,non-holiday
2021-02-08,non-holiday
2021-02-09,non-holiday
2021-02-10,non-holiday
2021-02-11,holiday
2021-02-12,holiday
2021-02-13,holiday
2021-02-14,non-holiday
2021-02-15,non-holiday
2021-02-16,non-holiday
2021-02-17,non-holiday
2021-02-18,non-holiday
2021-02-19,non-holiday
2021-02-20,non-holiday
2021-02-21,non-holiday
2021-02-22,non-holiday
2021-02-23,non-holiday
2021-02-24,non-holiday
2021-02-25,non-holiday
2021-02-26,non-holiday
2021-02-27,non-holiday
2021-02-28,non-holiday
2021-03-01,holiday
2021-03-02,non-holiday
2021-03-03,non-holiday
2021-03-04,non-holiday
2021-03-05,non-holiday
2021-03-06,non-holiday
2021-03-07,non-holiday
2021-03-08,non-holiday
2021-03-09,non-holiday
2021-03-10,non-holiday
2021-03-11,non-holiday
2021-03-12,non-holiday
2021-03-13,non-holiday
2021-03-14,non-holiday
2021-03-15,non-holiday
2021-03-16,non-holiday
2021-03-17,non-holiday
2021-03-18,non-holiday
2021-03-19,non-holiday
2021-03-20,non-holiday
2021-03-21,non-holiday
2021-03-22,non-holiday
2021-03-23,non-holiday
2021-03-24,non-holiday
2021-03-25,non-holiday
2021-03-26,non-holiday
2021-03-27,non-holiday
2021-03-28,non-holiday
2021-03-29,non-holiday
2021-03-30,non-holiday
2021-03-31,non-holiday
2021-04-01,non-holiday
2021-04-02,non-holiday
2021-04-03,non-holiday
2021-04-04,non-holiday
2021-04-05,non-holiday
2021-04-06,non-holiday
2021-04-07,non-holiday
2021-04-08,non-holiday
2021-04-09,non-holiday
2021-04-10,non-holiday
2021-04-11,non-holiday
2021-04-12,non-holiday
2021-04-13,non-holiday
2021-04-14,non-holiday
2021-04-15,non-holiday
2021-04-16,non-holiday
2021-04-17,non-holiday
2021-04-18,non-holiday
2021-04-19,non-holiday
2021-04-20,non-holiday
2021-04-21,non-holiday
2021-04-22,non-holiday
2021-04-23,non-holiday
2021-04-24,non-holiday
2021-04-25,non-holiday
2021-04-26,non-holiday
2021-04-27,non-holiday
2021-04-28,non-holiday
2021-04-29,non-holiday
2021-04-30,non-holiday
2021-05-01,holiday
2021-05-02,non-holiday
2021-05-03,non-holiday
2021-05-04,non-holiday
2021-05-05,holiday
2021-05-06,non-holiday
2021-05-07,non-holiday
2021-05-08,non-holiday
2021-05-09,non-holiday
2021-05-10,non-holiday
2021-05-11,non-holiday
2021-05-12,non-holiday
2021-05-13,non-holiday
2021-05-14,non-holiday
2021-05-15,non-holiday
2021-05-16,non-holiday
2021-05-17,non-holiday
2021-05-18,non-holiday
2021-05-19,holiday
2021-05-20,non-holiday
2021-05-21,non-holiday
2021-05-22,non-holiday
2021-05-23,non-holiday
2021-05-24,non-holiday
2021-05-25,non-holiday
2021-05-26,non-holiday
2021-05-27,non-holiday
2021-05-28,non-holiday
2021-05-29,non-holiday
2021-05-30,non-holiday
2021-05-31,non-holiday
2021-06-01,non-holiday
2021-06-02,non-holiday
2021-06-03,non-holiday
2021-06-04,non-holiday
2021-06-05,non-holiday
2021-06-06,holiday
2021-06-07,non-holiday
2021-06-08,non-holiday
2021-06-09,non-holiday
2021-06-10,non-holiday
2021-06-11,non-holiday
2021-06-12,non-holiday
2021-06-13,non-holiday
2021-06-14,non-holiday
2021-06-15,non-holiday
2021-06-16,non-holiday
2021-06-17,non-holiday
2021-06-18,non-holiday
2021-06-19,non-holiday
2021-06-20,non-holiday
2021-06-21,non-holiday
2021-06-22,non-holiday
2021-06-23,non-holiday
2021-06-24,non-holiday
2021-06-25,non-holiday
2021-06-26,non-holiday
2021-06-27,non-holiday
2021-06-28,non-holiday
2021-06-29,non-holiday
2021-06-30,non-holiday
2021-07-01,non-holiday
2021-07-02,non-holiday
2021-07-03,non-holiday
2021-07-04,non-holiday
2021-07-05,non-holiday
2021-07-06,non-holiday
2021-07-07,non-holiday
2021-07-08,non-holiday
2021-07-09,non-holiday
2021-07-10,non-holiday
2021-07-11,non-holiday
2021-07-12,non-holiday
2021-07-13,non-holiday
2021-07-14,non-holiday
2021-07-15,non-holiday
2021-07-16,non-holiday
2021-07-17,non-holiday
2021-07-18,non-holiday
2021-07-19,non-holiday
2021-07-20,non-holiday
2021-07-21,non-holiday
2021-07-22,non-holiday
2021-07-23,non-holiday
2021-07-24,non-holiday
2021-07-25,non-holiday
2021-07-26,non-holiday
2021-07-27,non-holiday
2021-07-28,non-holiday
2021-07-29,non-holiday
2021-07-30,non-holiday
2021-07-31,non-holiday
2021-08-01,non-holiday
2021-08-02,non-holiday
2021-08-03,non-holiday
2021-08-04,non-holiday
2021-08-05,non-holiday
2021-08-06,non-holiday
2021-08-07,non-holiday
2021-08-08,non-holiday
2021-08-09,non-holiday
2021-08-10,non-holiday
2021-08-11,non-holiday
2021-08-12,non-holiday
2021-08-13,non-holiday
2021-08-14,non-holiday
2021-08-15,holiday
2021-08-16,holiday
2021-08-17,non-holiday
2021-08-18,non-holiday
2021-08-19,non-holiday
2021-08-20,non-holiday
2021-08-21,non-holiday
2021-08-22,non-holiday
2021-08-23,non-holiday
2021-08-24,non-holiday
2021-08-25,non-holiday
2021-08-26,non-holiday
2021-08-27,non-holiday
2021-08-28,non-holiday
2021-08-29,non-holiday
2021-08-30,non-holiday
2021-08-31,non-holiday
2021-09-01,non-holiday
2021-09-02,non-holiday
2021-09-03,non-holiday
2021-09-04,non-holiday
2021-09-05,non-holiday
2021-09-06,non-holiday
2021-09-07,non-holiday
2021-09-08,non-holiday
2021-09-09,non-holiday
2021-09-10,non-holiday
2021-09-11,non-holiday
2021-09-12,non-holiday
2021-09-13,non-holiday
2021-09-14,non-holiday
2021-09-15,non-holiday
2021-09-16,non-holiday
2021-09-17,non-holiday
2021-09-18,non-holiday
2021-09-19,non-holiday
2021-09-20,holiday
2021-09-21,holiday
2021-09-22,holiday
2021-09-23,non-holiday
2021-09-24,non-holiday
2021-09-25,non-holiday
2021-09-26,non-holiday
2021-09-27,non-holiday
2021-09-28,non-holiday
2021-09-29,non-holiday
2021-09-30,non-holiday
2021-10-01,non-holiday
2021-10-02,non-holiday
2021-10-03,holiday
2021-10-04,holiday
2021-10-05,non-holiday
2021-10-06,non-holiday
2021-10-07,non-holiday
2021-10-08,non-holiday
2021-10-09,holiday
2021-10-10,non-holiday
2021-10-11,holiday
2021-10-12,non-holiday
2021-10-13,non-holiday
2021-10-14,non-holiday
2021-10-15,non-holiday
2021-10-16,non-holiday
2021-10-17,non-holiday
2021-10-18,non-holiday
2021-10-19,non-holiday
2021-10-20,non-holiday
2021-10-21,non-holiday
2021-10-22,non-holiday
2021-10-23,non-holiday
2021-10-24,non-holiday
2021-10-25,non-holiday
2021-10-26,non-holiday
2021-10-27,non-holiday
2021-10-28,non-holiday
2021-10-29,non-holiday
2021-10-30,non-holiday
2021-10-31,non-holiday
2021-11-01,non-holiday
2021-11-02,non-holiday
2021-11-03,non-holiday
2021-11-04,non-holiday
2021-11-05,non-holiday
2021-11-06,non-holiday
2021-11-07,non-holiday
2021-11-08,non-holiday
2021-11-09,non-holiday
2021-11-10,non-holiday
2021-11-11,non-holiday
2021-11-12,non-holiday
2021-11-13,non-holiday
2021-11-14,non-holiday
2021-11-15,non-holiday
2021-11-16,non-holiday
2021-11-17,non-holiday
2021-11-18,non-holiday
2021-11-19,non-holiday
2021-11-20,non-holiday
2021-11-21,non-holiday
2021-11-22,non-holiday
2021-11-23,non-holiday
2021-11-24,non-holiday
2021-11-25,non-holiday
2021-11-26,non-holiday
2021-11-27,non-holiday
2021-11-28,non-holiday
2021-11-29,non-holiday
2021-11-30,non-holiday
2021-12-01,non-holiday
2021-12-02,non-holiday
2021-12-03,non-holiday
2021-12-04,non-holiday
2021-12-05,non-holiday
2021-12-06,non-holiday
2021-12-07,non-holiday
2021-12-08,non-holiday
2021-12-09,non-holiday
2021-12-10,non-holiday
2021-12-11,non-holiday
2021-12-12,non-holiday
2021-12-13,non-holiday
2021-12-14,non-holiday
2021-12-15,non-holiday
2021-12-16,non-holiday
2021-12-17,non-holiday
2021-12-18,non-holiday
2021-12-19,non-holiday
2021-12-20,non-holiday
2021-12-21,non-holiday
2021-12-22,non-holiday
2021-12-23,non-holiday
2021-12-24,non-holiday
2021-12-25,holiday
2021-12-26,non-holiday
2021-12-27,non-holiday
2021-12-28,non-holiday
2021-12-29,non-holiday
2021-12-30,non-holiday
2021-12-31,non-holiday
2022-01-01,holiday
2022-01-02,non-holiday
2022-01-03,non-holiday
2022-01-04,non-holiday
2022-01-05,non-holiday
2022-01-06,non-holiday
2022-01-07,non-holiday
2022-01-08,non-holiday
2022-01-09,non-holiday
2022-01-10,non-holiday
2022-01-11,non-holiday
2022-01-12,non-holiday
2022-01-13,non-holiday
2022-01-14,non-holiday
2022-01-15,non-holiday
2022-01-16,non-holiday
2022-01-17,non-holiday
2022-01-18,non-holiday
2022-01-19,non-holiday
2022-01-20,non-holiday
2022-01-21,non-holiday
2022-01-22,non-holiday
2022-01-23,non-holiday
2022-01-24,non-holiday
2022-01-25,non-holiday
2022-01-26,non-holiday
2022-01-27,non-holiday
2022-01-28,non-holiday
2022-01-29,non-holiday
2022-01-30,non-holiday
2022-01-31,holiday
2022-02-01,holiday
2022-02-02,holiday
2022-02-03,non-holiday
2022-02-04,non-holiday
2022-02-05,non-holiday
2022-02-06,non-holiday
2022-02-07,non-holiday
2022-02-08,non-holiday
2022-02-09,non-holiday
2022-02-10,non-holiday
2022-02-11,non-holiday
2022-02-12,non-holiday
2022-02-13,non-holiday
2022-02-14,non-holiday
2022-02-15,non-holiday
2022-02-16,non-holiday
2022-02-17,non-holiday
2022-02-18,non-holiday
2022-02-19,non-holiday
2022-02-20,non-holiday
2022-02-21,non-holiday
2022-02-22,non-holiday
2022-02-23,non-holiday
2022-02-24,non-holiday
2022-02-25,non-holiday
2022-02-26,non-holiday
2022-02-27,non-holiday
2022-02-28,non-holiday
2022-03-01,holiday
2022-03-02,non-holiday
2022-03-03,non-holiday
2022-03-04,non-holiday
2022-03-05,non-holiday
2022-03-06,non-holiday
2022-03-07,non-holiday
2022-03-08,non-holiday
2022-03-09,non-holiday
2022-03-10,non-holiday
2022-03-11,non-holiday
2022-03-12,non-holiday
2022-03-13,non-holiday
2022-03-14,non-holiday
2022-03-15,non-holiday
2022-03-16,non-holiday
2022-03-17,non-holiday
2022-03-18,non-holiday
2022-03-19,non-holiday
2022-03-20,non-holiday
2022-03-21,non-holiday
2022-03-22,non-holiday
2022-03-23,non-holiday
2022-03-24,non-holiday
2022-03-25,non-holiday
2022-03-26,non-holiday
2022-03-27,non-holiday
2022-03-28,non-holiday
2022-03-29,non-holiday
2022-03-30,non-holiday
2022-03-31,non-holiday
2022-04-01,non-holiday
2022-04-02,non-holiday
2022-04-03,non-holiday
2022-04-04,non-holiday
2022-04-05,non-holiday
2022-04-06,non-holiday
2022-04-07,non-holiday
2022-04-08,non-holiday
2022-04-09,non-holiday
2022-04-10,non-holiday
2022-04-11,non-holiday
2022-04-12,non-holiday
2022-04-13,non-holiday
2022-04-14,non-holiday
2022-04-15,non-holiday
2022-04-16,non-holiday
2022-04-17,non-holiday
2022-04-18,non-holiday
2022-04-19,non-holiday
2022-04-20,non-holiday
2022-04-21,non-holiday
2022-04-22,non-holiday
2022-04-23,non-holiday
2022-04-24,non-holiday
2022-04-25,non-holiday
2022-04-26,non-holiday
2022-04-27,non-holiday
2022-04-28,non-holiday
2022-04-29,non-holiday
2022-04-30,non-holiday
2022-05-01,holiday
2022-05-02,non-holiday
2022-05-03,non-holiday
2022-05-04,non-holiday
2022-05-05,holiday
2022-05-06,non-holiday
2022-05-07,non-holiday
2022-05-08,holiday
2022-05-09,non-holiday
2022-05-10,non-holiday
2022-05-11,non-holiday
2022-05-12,non-holiday
2022-05-13,non-holiday
2022-05-14,non-holiday
2022-05-15,non-holiday
2022-05-16,non-holiday
2022-05-17,non-holiday
2022-05-18,non-holiday
2022-05-19,non-holiday
2022-05-20,non-holiday
2022-05-21,non-holiday
2022-05-22,non-holiday
2022-05-23,non-holiday
2022-05-24,non-holiday
2022-05-25,non-holiday
2022-05-26,non-holiday
2022-05-27,non-holiday
2022-05-28,non-holiday
2022-05-29,non-holiday
2022-05-30,non-holiday
2022-05-31,non-holiday
2022-06-01,non-holiday
2022-06-02,non-holiday
2022-06-03,non-holiday
2022-06-04,non-holiday
2022-06-05,non-holiday
2022-06-06,holiday
2022-06-07,non-holiday
2022-06-08,non-holiday
2022-06-09,non-holiday
2022-06-10,non-holiday
2022-06-11,non-holiday
2022-06-12,non-holiday
2022-06-13,non-holiday
2022-06-14,non-holiday
2022-06-15,non-holiday
2022-06-16,non-holiday
2022-06-17,non-holiday
2022-06-18,non-holiday
2022-06-19,non-holiday
2022-06-20,non-holiday
2022-06-21,non-holiday
2022-06-22,non-holiday
2022-06-23,non-holiday
2022-06-24,non-holiday
2022-06-25,non-holiday
2022-06-26,non-holiday
2022-06-27,non-holiday
2022-06-28,non-holiday
2022-06-29,non-holiday
2022-06-30,non-holiday
2022-07-01,non-holiday
2022-07-02,non-holiday
2022-07-03,non-holiday
2022-07-04,non-holiday
2022-07-05,non-holiday
2022-07-06,non-holiday
2022-07-07,non-holiday
2022-07-08,non-holiday
2022-07-09,non-holiday
2022-07-10,non-holiday
2022-07-11,non-holiday
2022-07-12,non-holiday
2022-07-13,non-holiday
2022-07-14,non-holiday
2022-07-15,non-holiday
2022-07-16,non-holiday
2022-07-17,non-holiday
2022-07-18,non-holiday
2022-07-19,non-holiday
2022-07-20,non-holiday
2022-07-21,non-holiday
2022-07-22,non-holiday
2022-07-23,non-holiday
2022-07-24,non-holiday
2022-07-25,non-holiday
2022-07-26,non-holiday
2022-07-27,non-holiday
2022-07-28,non-holiday
2022-07-29,non-holiday
2022-07-30,non-holiday
2022-07-31,non-holiday
2022-08-01,non-holiday
2022-08-02,non-holiday
2022-08-03,non-holiday
2022-08-04,non-holiday
2022-08-05,non-holiday
2022-08-06,non-holiday
2022-08-07,non-holiday
2022-08-08,non-holiday
2022-08-09,non-holiday
2022-08-10,non-holiday
2022-08-11,non-holiday
2022-08-12,non-holiday
2022-08-13,non-holiday
2022-08-14,non-holiday
2022-08-15,holiday
2022-08-16,non-holiday
2022-08-17,non-holiday
2022-08-18,non-holiday
2022-08-19,non-holiday
2022-08-20,non-holiday
2022-08-21,non-holiday
2022-08-22,non-holiday
2022-08-23,non-holiday
2022-08-24,non-holiday
2022-08-25,non-holiday
2022-08-26,non-holiday
2022-08-27,non-holiday
2022-08-28,non-holiday
2022-08-29,non-holiday
2022-08-30,non-holiday
2022-08-31,non-holiday
2022-09-01,non-holiday
2022-09-02,non-holiday
2022-09-03,non-holiday
2022-09-04,non-holiday
2022-09-05,non-holiday
2022-09-06,non-holiday
2022-09-07,non-holiday
2022-09-08,non-holiday
2022-09-09,holiday
2022-09-10,holiday
2022-09-11,holiday
2022-09-12,holiday
2022-09-13,non-holiday
2022-09-14,non-holiday
2022-09-15,non-holiday
2022-09-16,non-holiday
2022-09-17,non-holiday
2022-09-18,non-holiday
2022-09-19,non-holiday
2022-09-20,non-holiday
2022-09-21,non-holiday
2022-09-22,non-holiday
2022-09-23,non-holiday
2022-09-24,non-holiday
2022-09-25,non-holiday
2022-09-26,non-holiday
2022-09-27,non-holiday
2022-09-28,non-holiday
2022-09-29,non-holiday
2022-09-30,non-holiday
2022-10-01,non-holiday
2022-10-02,non-holiday
2022-10-03,holiday
2022-10-04,non-holiday
2022-10-05,non-holiday
2022-10-06,non-holiday
2022-10-07,non-holiday
2022-10-08,non-holiday
2022-10-09,holiday
2022-10-10,holiday
2022-10-11,non-holiday
2022-10-12,non-holiday
2022-10-13,non-holiday
2022-10-14,non-holiday
2022-10-15,non-holiday
2022-10-16,non-holiday
2022-10-17,non-holiday
2022-10-18,non-holiday
2022-10-19,non-holiday
2022-10-20,non-holiday
2022-10-21,non-holiday
2022-10-22,non-holiday
2022-10-23,non-holiday
2022-10-24,non-holiday
2022-10-25,non-holiday
2022-10-26,non-holiday
2022-10-27,non-holiday
2022-10-28,non-holiday
2022-10-29,non-holiday
2022-10-30,non-holiday
2022-10-31,non-holiday
2022-11-01,non-holiday
2022-11-02,non-holiday
2022-11-03,non-holiday
2022-11-04,non-holiday
2022-11-05,non-holiday
2022-11-06,non-holiday
2022-11-07,non-holiday
2022-11-08,non-holiday
2022-11-09,non-holiday
2022-11-10,non-holiday
2022-11-11,non-holiday
2022-11-12,non-holiday
2022-11-13,non-holiday
2022-11-14,non-holiday
2022-11-15,non-holiday
2022-11-16,non-holiday
2022-11-17,non-holiday
2022-11-18,non-holiday
2022-11-19,non-holiday
2022-11-20,non-holiday
2022-11-21,non-holiday
2022-11-22,non-holiday
2022-11-23,non-holiday
2022-11-24,non-holiday
2022-11-25,non-holiday
2022-11-26,non-holiday
2022-11-27,non-holiday
2022-11-28,non-holiday
2022-11-29,non-holiday
2022-11-30,non-holiday
2022-12-01,non-holiday
2022-12-02,non-holiday
2022-12-03,non-holiday
2022-12-04,non-holiday
2022-12-05,non-holiday
2022-12-06,non-holiday
2022-12-07,non-holiday
2022-12-08,non-holiday
2022-12-09,non-holiday
2022-12-10,non-holiday
2022-12-11,non-holiday
2022-12-12,non-holiday
2022-12-13,non-holiday
2022-12-14,non-holiday
2022-12-15,non-holiday
2022-12-16,non-holiday
2022-12-17,non-holiday
2022-12-18,non-holiday
2022-12-19,non-holiday
2022-12-20,non-holiday
2022-12-21,non-holiday
2022-12-22,non-holiday
2022-12-23,non-holiday
2022-12-24,non-holiday
2022-12-25,holiday
2022-12-26,non-holiday
2022-12-27,non-holiday
2022-12-28,non-holiday
2022-12-29,non-holiday
2022-12-30,non-holiday
2022-12-31,non-holiday
2023-01-01,holiday
2023-01-02,non-holiday
2023-01-03,non-holiday
2023-01-04,non-holiday
2023-01-05,non-holiday
2023-01-06,non-holiday
2023-01-07,non-holiday
2023-01-08,non-holiday
2023-01-09,non-holiday
2023-01-10,non-holiday
2023-01-11,non-holiday
2023-01-12,non-holiday
2023-01-13,non-holiday
2023-01-14,non-holiday
2023-01-15,non-holiday
2023-01-16,non-holiday
2023-01-17,non-holiday
2023-01-18,non-holiday
2023-01-19,non-holiday
2023-01-20,non-holiday
2023-01-21,holiday
2023-01-22,holiday
2023-01-23,holiday
2023-01-24,holiday
2023-01-25,non-holiday
2023-01-26,non-holiday
2023-01-27,non-holiday
2023-01-28,non-holiday
2023-01-29,non-holiday
2023-01-30,non-holiday
2023-01-31,non-holiday
2023-02-01,non-holiday
2023-02-02,non-holiday
2023-02-03,non-holiday
2023-02-04,non-holiday
2023-02-05,non-holiday
2023-02-06,non-holiday
2023-02-07,non-holiday
2023-02-08,non-holiday
2023-02-09,non-holiday
2023-02-10,non-holiday
2023-02-11,non-holiday
2023-02-12,non-holiday
2023-02-13,non-holiday
2023-02-14,non-holiday
2023-02-15,non-holiday
2023-02-16,non-holiday
2023-02-17,non-holiday
2023-02-18,non-holiday
2023-02-19,non-holiday
2023-02-20,non-holiday
2023-02-21,non-holiday
2023-02-22,non-holiday
2023-02-23,non-holiday
2023-02-24,non-holiday
2023-02-25,non-holiday
2023-02-26,non-holiday
2023-02-27,non-holiday
2023-02-28,non-holiday
2023-03-01,holiday
2023-03-02,non-holiday
2023-03-03,non-holiday
2023-03-04,non-holiday
2023-03-05,non-holiday
2023-03-06,non-holiday
2023-03-07,non-holiday
2023-03-08,non-holiday
2023-03-09,non-holiday
2023-03-10,non-holiday
2023-03-11,non-holiday
2023-03-12,non-holiday
2023-03-13,non-holiday
2023-03-14,non-holiday
2023-03-15,non-holiday
2023-03-16,non-holiday
2023-03-17,non-holiday
2023-03-18,non-holiday
2023-03-19,non-holiday
2023-03-20,non-holiday
2023-03-21,non-holiday
2023-03-22,non-holiday
2023-03-23,non-holiday
2023-03-24,non-holiday
2023-03-25,non-holiday
2023-03-26,non-holiday
2023-03-27,non-holiday
2023-03-28,non-holiday
2023-03-29,non-holiday
2023-03-30,non-holiday
2023-03-31,non-holiday
2023-04-01,non-holiday
2023-04-02,non-holiday
2023-04-03,non-holiday
2023-04-04,non-holiday
2023-04-05,non-holiday
2023-04-06,non-holiday
2023-04-07,non-holiday
2023-04-08,non-holiday
2023-04-09,non-holiday
2023-04-10,non-holiday
2023-04-11,non-holiday
2023-04-12,non-holiday
2023-04-13,non-holiday
2023-04-14,non-holiday
2023-04-15,non-holiday
2023-04-16,non-holiday
2023-04-17,non-holiday
2023-04-18,non-holiday
2023-04-19,non-holiday
2023-04-20,non-holiday
2023-04-21,non-holiday
2023-04-22,non-holiday
2023-04-23,non-holiday
2023-04-24,non-holiday
2023-04-25,non-holiday
2023-04-26,non-holiday
2023-04-27,non-holiday
2023-04-28,non-holiday
2023-04-29,non-holiday
2023-04-30,non-holiday
2023-05-01,holiday
2023-05-02,non-holiday
2023-05-03,non-holiday
2023-05-04,non-holiday
2023-05-05,holiday
2023-05-06,non-holiday
2023-05-07,non-holiday
2023-05-08,non-holiday
2023-05-09,non-holiday
2023-05-10,non-holiday
2023-05-11,non-holiday
2023-05-12,non-holiday
2023-05-13,non-holiday
2023-05-14,non-holiday
2023-05-15,non-holiday
2023-05-16,non-holiday
2023-05-17,non-holiday
2023-05-18,non-holiday
2023-05-19,non-holiday
2023-05-20,non-holiday
2023-05-21,non-holiday
2023-05-22,non-holiday
2023-05-23,non-holiday
2023-05-24,non-holiday
2023-05-25,non-holiday
2023-05-26,non-holiday
2023-05-27,holiday
2023-05-28,non-holiday
2023-05-29,non-holiday
2023-05-30,non-holiday
2023-05-31,non-holiday
2023-06-01,non-holiday
2023-06-02,non-holiday
2023-06-03,non-holiday
2023-06-04,non-holiday
2023-06-05,non-holiday
2023-06-06,holiday
2023-06-07,non-holiday
2023-06-08,non-holiday
2023-06-09,non-holiday
2023-06-10,non-holiday
2023-06-11,non-holiday
2023-06-12,non-holiday
2023-06-13,non-holiday
2023-06-14,non-holiday
2023-06-15,non-holiday
2023-06-16,non-holiday
2023-06-17,non-holiday
2023-06-18,non-holiday
2023-06-19,non-holiday
2023-06-20,non-holiday
2023-06-21,non-holiday
2023-06-22,non-holiday
2023-06-23,non-holiday
2023-06-24,non-holiday
2023-06-25,non-holiday
2023-06-26,non-holiday
2023-06-27,non-holiday
2023-06-28,non-holiday
2023-06-29,non-holiday
2023-06-30,non-holiday
2023-07-01,non-holiday
2023-07-02,non-holiday
2023-07-03,non-holiday
2023-07-04,non-holiday
2023-07-05,non-holiday
2023-07-06,non-holiday
2023-07-07,non-holiday
2023-07-08,non-holiday
2023-07-09,non-holiday
2023-07-10,non-holiday
2023-07-11,non-holiday
2023-07-12,non-holiday
2023-07-13,non-holiday
2023-07-14,non-holiday
2023-07-15,non-holiday
2023-07-16,non-holiday
2023-07-17,non-holiday
2023-07-18,non-holiday
2023-07-19,non-holiday
2023-07-20,non-holiday
2023-07-21,non-holiday
2023-07-22,non-holiday
2023-07-23,non-holiday
2023-07-24,non-holiday
2023-07-25,non-holiday
2023-07-26,non-holiday
2023-07-27,non-holiday
2023-07-28,non-holiday
2023-07-29,non-holiday
2023-07-30,non-holiday
2023-07-31,non-holiday
2023-08-01,non-holiday
2023-08-02,non-holiday
2023-08-03,non-holiday
2023-08-04,non-holiday
2023-08-05,non-holiday
2023-08-06,non-holiday
2023-08-07,non-holiday
2023-08-08,non-holiday
2023-08-09,non-holiday
2023-08-10,non-holiday
2023-08-11,non-holiday
2023-08-12,non-holiday
2023-08-13,non-holiday
2023-08-14,non-holiday
2023-08-15,holiday
2023-08-16,non-holiday
2023-08-17,non-holiday
2023-08-18,non-holiday
2023-08-19,non-holiday
2023-08-20,non-holiday
2023-08-21,non-holiday
2023-08-22,non-holiday
2023-08-23,non-holiday
2023-08-24,non-holiday
2023-08-25,non-holiday
2023-08-26,non-holiday
2023-08-27,non-holiday
2023-08-28,non-holiday
2023-08-29,non-holiday
2023-08-30,non-holiday
2023-08-31,non-holiday
2023-09-01,non-holiday
2023-09-02,non-holiday
2023-09-03,non-holiday
2023-09-04,non-holiday
2023-09-05,non-holiday
2023-09-06,non-holiday
2023-09-07,non-holiday
2023-09-08,non-holiday
2023-09-09,non-holiday
2023-09-10,non-holiday
2023-09-11,non-holiday
2023-09-12,non-holiday
2023-09-13,non-holiday
2023-09-14,non-holiday
2023-09-15,non-holiday
2023-09-16,non-holiday
2023-09-17,non-holiday
2023-09-18,non-holiday
2023-09-19,non-holiday
2023-09-20,non-holiday
2023-09-21,non-holiday
2023-09-22,non-holiday
2023-09-23,non-holiday
2023-09-24,non-holiday
2023-09-25,non-holiday
2023-09-26,non-holiday
2023-09-27,non-holiday
2023-09-28,holiday
2023-09-29,holiday
2023-09-30,holiday
2023-10-01,non-holiday
2023-10-02,non-holiday
2023-10-03,holiday
2023-10-04,non-holiday
2023-10-05,non-holiday
2023-10-06,non-holiday
2023-10-07,non-holiday
2023-10-08,non-holiday
2023-10-09,holiday
2023-10-10,non-holiday
2023-10-11,non-holiday
2023-10-12,non-holiday
2023-10-13,non-holiday
2023-10-14,non-holiday
2023-10-15,non-holiday
2023-10-16,non-holiday
2023-10-17,non-holiday
2023-10-18,non-holiday
2023-10-19,non-holiday
2023-10-20,non-holiday
2023-10-21,non-holiday
2023-10-22,non-holiday
2023-10-23,non-holiday
2023-10-24,non-holiday
2023-10-25,non-holiday
2023-10-26,non-holiday
2023-10-27,non-holiday
2023-10-28,non-holiday
2023-10-29,non-holiday
2023-10-30,non-holiday
2023-10-31,non-holiday
2023-11-01,non-holiday
2023-11-02,non-holiday
2023-11-03,non-holiday
2023-11-04,non-holiday
2023-11-05,non-holiday
2023-11-06,non-holiday
2023-11-07,non-holiday
2023-11-08,non-holiday
2023-11-09,non-holiday
2023-11-10,non-holiday
2023-11-11,non-holiday
2023-11-12,non-holiday
2023-11-13,non-holiday
2023-11-14,non-holiday
2023-11-15,non-holiday
2023-11-16,non-holiday
2023-11-17,non-holiday
2023-11-18,non-holiday
2023-11-19,non-holiday
2023-11-20,non-holiday
2023-11-21,non-holiday
2023-11-22,non-holiday
2023-11-23,non-holiday
2023-11-24,non-holiday
2023-11-25,non-holiday
2023-11-26,non-holiday
2023-11-27,non-holiday
2023-11-28,non-holiday
2023-11-29,non-holiday
2023-11-30,non-holiday
2023-12-01,non-holiday
2023-12-02,non-holiday
2023-12-03,non-holiday
2023-12-04,non-holiday
2023-12-05,non-holiday
2023-12-06,non-holiday
2023-12-07,non-holiday
2023-12-08,non-holiday
2023-12-09,non-holiday
2023-12-10,non-holiday
2023-12-11,non-holiday
2023-12-12,non-holiday
2023-12-13,non-holiday
2023-12-14,non-holiday
2023-12-15,non-holiday
2023-12-16,non-holiday
2023-12-17,non-holiday
2023-12-18,non-holiday
2023-12-19,non-holiday
2023-12-20,non-holiday
2023-12-21,non-holiday
2023-12-22,non-holiday
2023-12-23,non-holiday
2023-12-24,non-holiday
2023-12-25,holiday
2023-12-26,non-holiday
2023-12-27,non-holiday
2023-12-28,non-holiday
2023-12-29,non-holiday
2023-12-30,non-holiday
2023-12-31,non-holiday
2024-01-01,holiday
2024-01-02,non-holiday
2024-01-03,non-holiday
2024-01-04,non-holiday
2024-01-05,non-holiday
2024-01-06,non-holiday
2024-01-07,non-holiday
2024-01-08,non-holiday
2024-01-09,non-holiday
2024-01-10,non-holiday
2024-01-11,non-holiday
2024-01-12,non-holiday
2024-01-13,non-holiday
2024-01-14,non-holiday
2024-01-15,non-holiday
2024-01-16,non-holiday
2024-01-17,non-holiday
2024-01-18,non-holiday
2024-01-19,non-holiday
2024-01-20,non-holiday
2024-01-21,non-holiday
2024-01-22,non-holiday
2024-01-23,non-holiday
2024-01-24,non-holiday
2024-01-25,non-holiday
2024-01-26,non-holiday
2024-01-27,non-holiday
2024-01-28,non-holiday
2024-01-29,non-holiday
2024-01-30,non-holiday
2024-01-31,non-holiday
2024-02-01,non-holiday
2024-02-02,non-holiday
2024-02-03,non-holiday
2024-02-04,non-holiday
2024-02-05,non-holiday
2024-02-06,non-holiday
2024-02-07,non-holiday
2024-02-08,non-holiday
2024-02-09,holiday
2024-02-10,holiday
2024-02-11,holiday
2024-02-12,holiday
2024-02-13,non-holiday
2024-02-14,non-holiday
2024-02-15,non-holiday
2024-02-16,non-holiday
2024-02-17,non-holiday
2024-02-18,non-holiday
2024-02-19,non-holiday
2024-02-20,non-holiday
2024-02-21,non-holiday
2024-02-22,non-holiday
2024-02-23,non-holiday
2024-02-24,non-holiday
2024-02-25,non-holiday
2024-02-26,non-holiday
2024-02-27,non-holiday
2024-02-28,non-holiday
2024-02-29,non-holiday
2024-03-01,holiday
2024-03-02,non-holiday
2024-03-03,non-holiday
2024-03-04,non-holiday
2024-03-05,non-holiday
2024-03-06,non-holiday
2024-03-07,non-holiday
2024-03-08,non-holiday
2024-03-09,non-holiday
2024-03-10,non-holiday
2024-03-11,non-holiday
2024-03-12,non-holiday
2024-03-13,non-holiday
2024-03-14,non-holiday
2024-03-15,non-holiday
2024-03-16,non-holiday
2024-03-17,non-holiday
2024-03-18,non-holiday
2024-03-19,non-holiday
2024-03-20,non-holiday
2024-03-21,non-holiday
2024-03-22,non-holiday
2024-03-23,non-holiday
2024-03-24,non-holiday
2024-03-25,non-holiday
2024-03-26,non-holiday
2024-03-27,non-holiday
2024-03-28,non-holiday
2024-03-29,non-holiday
2024-03-30,non-holiday
2024-03-31,non-holiday
2024-04-01,non-holiday
2024-04-02,non-holiday
2024-04-03,non-holiday
2024-04-04,non-holiday
2024-04-05,non-holiday
2024-04-06,non-holiday
2024-04-07,non-holiday
2024-04-08,non-holiday
2024-04-09,non-holiday
2024-04-10,non-holiday
2024-04-11,non-holiday
2024-04-12,non-holiday
2024-04-13,non-holiday
2024-04-14,non-holiday
2024-04-15,non-holiday
2024-04-16,non-holiday
2024-04-17,non-holiday
2024-04-18,non-holiday
2024-04-19,non-holiday
2024-04-20,non-holiday
2024-04-21,non-holiday
2024-04-22,non-holiday
2024-04-23,non-holiday
2024-04-24,non-holiday
2024-04-25,non-holiday
2024-04-26,non-holiday
2024-04-27,non-holiday
2024-04-28,non-holiday
2024-04-29,non-holiday
2024-04-30,non-holiday
2024-05-01,holiday
2024-05-02,non-holiday
2024-05-03,non-holiday
2024-05-04,non-holiday
2024-05-05,holiday
2024-05-06,holiday
2024-05-07,non-holiday
2024-05-08,non-holiday
2024-05-09,non-holiday
2024-05-10,non-holiday
2024-05-11,non-holiday
2024-05-12,non-holiday
2024-05-13,non-holiday
2024-05-14,non-holiday
2024-05-15,holiday
2024-05-16,non-holiday
2024-05-17,non-holiday
2024-05-18,non-holiday
2024-05-19,non-holiday
2024-05-20,non-holiday
2024-05-21,non-holiday
2024-05-22,non-holiday
2024-05-23,non-holiday
2024-05-24,non-holiday
2024-05-25,non-holiday
2024-05-26,non-holiday
2024-05-27,non-holiday
2024-05-28,non-holiday
2024-05-29,non-holiday
2024-05-30,non-holiday
2024-05-31,non-holiday
2024-06-01,non-holiday
2024-06-02,non-holiday
2024-06-03,non-holiday
2024-06-04,non-holiday
2024-06-05,non-holiday
2024-06-06,holiday
2024-06-07,non-holiday
2024-06-08,non-holiday
2024-06-09,non-holiday
2024-06-10,non-holiday
2024-06-11,non-holiday
2024-06-12,non-holiday
2024-06-13,non-holiday
2024-06-14,non-holiday
2024-06-15,non-holiday
2024-06-16,non-holiday
2024-06-17,non-holiday
2024-06-18,non-holiday
2024-06-19,non-holiday
2024-06-20,non-holiday
2024-06-21,non-holiday
2024-06-22,non-holiday
2024-06-23,non-holiday
2024-06-24,non-holiday
2024-06-25,non-holiday
2024-06-26,non-holiday
2024-06-27,non-holiday
2024-06-28,non-holiday
2024-06-29,non-holiday
2024-06-30,non-holiday
2024-07-01,non-holiday
2024-07-02,non-holiday
2024-07-03,non-holiday
2024-07-04,non-holiday
2024-07-05,non-holiday
2024-07-06,non-holiday
2024-07-07,non-holiday
2024-07-08,non-holiday
2024-07-09,non-holiday
2024-07-10,non-holiday
2024-07-11,non-holiday
2024-07-12,non-holiday
2024-07-13,non-holiday
2024-07-14,non-holiday
2024-07-15,non-holiday
2024-07-16,non-holiday
2024-07-17,non-holiday
2024-07-18,non-holiday
2024-07-19,non-holiday
2024-07-20,non-holiday
2024-07-21,non-holiday
2024-07-22,non-holiday
2024-07-23,non-holiday
2024-07-24,non-holiday
2024-07-25,non-holiday
2024-07-26,non-holiday
2024-07-27,non-holiday
2024-07-28,non-holiday
2024-07-29,non-holiday
2024-07-30,non-holiday
2024-07-31,non-holiday
2024-08-01,non-holiday
2024-08-02,non-holiday
2024-08-03,non-holiday
2024-08-04,non-holiday
2024-08-05,non-holiday
2024-08-06,non-holiday
2024-08-07,non-holiday
2024-08-08,non-holiday
2024-08-09,non-holiday
2024-08-10,non-holiday
2024-08-11,non-holiday
2024-08-12,non-holiday
2024-08-13,non-holiday
2024-08-14,non-holiday
2024-08-15,holiday
2024-08-16,non-holiday
2024-08-17,non-holiday
2024-08-18,non-holiday
2024-08-19,non-holiday
2024-08-20,non-holiday
2024-08-21,non-holiday
2024-08-22,non-holiday
2024-08-23,non-holiday
2024-08-24,non-holiday
2024-08-25,non-holiday
2024-08-26,non-holiday
2024-08-27,non-holiday
2024-08-28,non-holiday
2024-08-29,non-holiday
2024-08-30,non-holiday
2024-08-31,non-holiday
2024-09-01,non-holiday
2024-09-02,non-holiday
2024-09-03,non-holiday
2024-09-04,non-holiday
2024-09-05,non-holiday
2024-09-06,non-holiday
2024-09-07,non-holiday
2024-09-08,non-holiday
2024-09-09,non-holiday
2024-09-10,non-holiday
2024-09-11,non-holiday
2024-09-12,non-holiday
2024-09-13,non-holiday
2024-09-14,non-holiday
2024-09-15,non-holiday
2024-09-16,holiday
2024-09-17,holiday
2024-09-18,holiday
2024-09-19,non-holiday
2024-09-20,non-holiday
2024-09-21,non-holiday
2024-09-22,non-holiday
2024-09-23,non-holiday
2024-09-24,non-holiday
2024-09-25,non-holiday
2024-09-26,non-holiday
2024-09-27,non-holiday
2024-09-28,non-holiday
2024-09-29,non-holiday
2024-09-30,non-holiday
2024-10-01,non-holiday
2024-10-02,non-holiday
2024-10-03,holiday
2024-10-04,non-holiday
2024-10-05,non-holiday
2024-10-06,non-holiday
2024-10-07,non-holiday
2024-10-08,non-holiday
2024-10-09,holiday
2024-10-10,non-holiday
2024-10-11,non-holiday
2024-10-12,non-holiday
2024-10-13,non-holiday
2024-10-14,non-holiday
2024-10-15,non-holiday
2024-10-16,non-holiday
2024-10-17,non-holiday
2024-10-18,non-holiday
2024-10-19,non-holiday
2024-10-20,non-holiday
2024-10-21,non-holiday
2024-10-22,non-holiday
2024-10-23,non-holiday
2024-10-24,non-holiday
2024-10-25,non-holiday
2024-10-26,non-holiday
2024-10-27,non-holiday
2024-10-28,non-holiday
2024-10-29,non-holiday
2024-10-30,non-holiday
2024-10-31,non-holiday
2024-11-01,non-holiday
2024-11-02,non-holiday
2024-11-03,non-holiday
2024-11-04,non-holiday
2024-11-05,non-holiday
2024-11-06,non-holiday
2024-11-07,non-holiday
2024-11-08,non-holiday
2024-11-09,non-holiday
2024-11-10,non-holiday
2024-11-11,non-holiday
2024-11-12,non-holiday
2024-11-13,non-holiday
2024-11-14,non-holiday
2024-11-15,non-holiday
2024-11-16,non-holiday
2024-11-17,non-holiday
2024-11-18,non-holiday
2024-11-19,non-holiday
2024-11-20,non-holiday
2024-11-21,non-holiday
2024-11-22,non-holiday
2024-11-23,non-holiday
2024-11-24,non-holiday
2024-11-25,non-holiday
2024-11-26,non-holiday
2024-11-27,non-holiday
2024-11-28,non-holiday
2024-11-29,non-holiday
2024-11-30,non-holiday
2024-12-01,non-holiday
2024-12-02,non-holiday
2024-12-03,non-holiday
2024-12-04,non-holiday
2024-12-05,non-holiday
2024-12-06,non-holiday
2024-12-07,non-holiday
2024-12-08,non-holiday
2024-12-09,non-holiday
2024-12-10,non-holiday
2024-12-11,non-holiday
2024-12-12,non-holiday
2024-12-13,non-holiday
2024-12-14,non-holiday
2024-12-15,non-holiday
2024-12-16,non-holiday
2024-12-17,non-holiday
2024-12-18,non-holiday
2024-12-19,non-holiday
2024-12-20,non-holiday
2024-12-21,non-holiday
2024-12-22,non-holiday
2024-12-23,non-holiday
2024-12-24,non-holiday
2024-12-25,holiday
2024-12-26,non-holiday
2024-12-27,non-holiday
2024-12-28,non-holiday
2024-12-29,non-holiday
2024-12-30,non-holiday
2024-12-31,non-holiday